File Path,Status,Priority,Description
README.md,âœ… Created,High,Main project documentation
requirements.txt,âœ… Created,High,Production dependencies
requirements-dev.txt,âœ… Created,High,Development dependencies
docker-compose.yml,âœ… Created,High,Development docker setup
docker-compose.prod.yml,âœ… Created,High,Production docker setup
Dockerfile,âœ… Created,High,Multi-stage Docker build
.gitignore,âœ… Created,High,Git ignore patterns
.env.example,âœ… Created,High,Environment variables template
Makefile,âœ… Created,High,Development automation
setup.py,âœ… Created,High,Python package setup
pyproject.toml,âœ… Created,High,Modern Python packaging
LICENSE,âœ… Created,High,MIT license file
src/main.py,ğŸ“ To Create,High,FastAPI application entry point
src/core/config.py,ğŸ“ To Create,High,Configuration management
src/core/database.py,ğŸ“ To Create,High,Database connection and models
src/core/security.py,ğŸ“ To Create,High,Authentication and security
src/core/logging.py,ğŸ“ To Create,High,Logging configuration
src/api/main.py,ğŸ“ To Create,High,API main router
src/api/dependencies.py,ğŸ“ To Create,High,Dependency injection
src/api/routes/predictions.py,ğŸ“ To Create,High,Prediction endpoints
src/api/routes/anomaly.py,ğŸ“ To Create,Medium,Anomaly detection endpoints
src/api/routes/prescriptive.py,ğŸ“ To Create,Medium,Prescriptive analytics endpoints
src/api/routes/dashboard.py,ğŸ“ To Create,Medium,Dashboard data endpoints
src/data/connectors/base_connector.py,ğŸ“ To Create,Medium,Base data connector class
src/data/connectors/yahoo_finance.py,ğŸ“ To Create,Medium,Yahoo Finance integration
src/data/connectors/alpha_vantage.py,ğŸ“ To Create,Medium,Alpha Vantage integration
src/data/processors/data_cleaner.py,ğŸ“ To Create,Medium,Data cleaning utilities
src/data/processors/feature_engineer.py,ğŸ“ To Create,Medium,Feature engineering pipeline
src/models/base_model.py,ğŸ“ To Create,Medium,Base ML model interface
src/models/forecasting/prophet_model.py,ğŸ“ To Create,Medium,Prophet time series model
src/models/forecasting/lstm_model.py,ğŸ“ To Create,Medium,LSTM neural network model
src/models/anomaly/isolation_forest.py,ğŸ“ To Create,Medium,Isolation Forest anomaly detection
src/models/prescriptive/scenario_simulator.py,ğŸ“ To Create,Medium,Monte Carlo scenario simulation
src/dashboard/app.py,ğŸ“ To Create,Medium,Plotly Dash application
src/dashboard/layouts/executive.py,ğŸ“ To Create,Medium,Executive dashboard layout
src/dashboard/components/charts.py,ğŸ“ To Create,Medium,Reusable chart components
src/integrations/slack_bot.py,ğŸ“ To Create,Medium,Slack bot integration
src/integrations/telegram_bot.py,ğŸ“ To Create,Medium,Telegram bot integration
src/integrations/email_service.py,ğŸ“ To Create,Medium,Email notification service
src/utils/exceptions.py,ğŸ“ To Create,Medium,Custom exception classes
src/utils/helpers.py,ğŸ“ To Create,Medium,Utility functions
src/utils/decorators.py,ğŸ“ To Create,Medium,Custom decorators
tests/conftest.py,ğŸ“ To Create,Medium,Pytest configuration
tests/test_api/test_predictions.py,ğŸ“ To Create,Medium,API endpoint tests
tests/test_models/test_forecasting.py,ğŸ“ To Create,Medium,ML model tests
tests/test_integrations/test_slack_bot.py,ğŸ“ To Create,Medium,Integration tests
config/settings.yaml,ğŸ“ To Create,Medium,Application settings
config/logging.yaml,ğŸ“ To Create,Medium,Logging configuration
config/model_config.yaml,ğŸ“ To Create,Medium,ML model configuration
scripts/init_database.py,ğŸ“ To Create,Medium,Database initialization
scripts/train_models.py,ğŸ“ To Create,Low,Model training pipeline
scripts/deploy.sh,ğŸ“ To Create,Low,Deployment script
docs/API.md,ğŸ“ To Create,Low,API documentation
docs/DEPLOYMENT.md,ğŸ“ To Create,Low,Deployment guide
docs/CONTRIBUTING.md,ğŸ“ To Create,Low,Contributing guidelines
docs/architecture.md,ğŸ“ To Create,Low,System architecture docs
.github/workflows/ci-cd.yml,ğŸ“ To Create,Low,CI/CD pipeline
.github/workflows/test.yml,ğŸ“ To Create,Low,Test workflow
.github/workflows/security.yml,ğŸ“ To Create,Low,Security scanning
.github/ISSUE_TEMPLATE/bug_report.md,ğŸ“ To Create,Low,Bug report template
.github/ISSUE_TEMPLATE/feature_request.md,ğŸ“ To Create,Low,Feature request template
.github/pull_request_template.md,ğŸ“ To Create,Low,Pull request template
monitoring/prometheus/prometheus.yml,ğŸ“ To Create,Low,Prometheus config
monitoring/grafana/dashboards/business_metrics.json,ğŸ“ To Create,Low,Grafana dashboard
alembic/env.py,ğŸ“ To Create,Low,Alembic environment
alembic/script.py.mako,ğŸ“ To Create,Low,Migration template
alembic.ini,ğŸ“ To Create,Low,Alembic configuration
